Month,Payment,Principal_Repaid,Interest_Paid,Outstanding_Balance
1,23268.25,11601.58,11666.67,988398.42
2,23268.25,11736.94,11531.31,976661.48
3,23268.25,11873.87,11394.38,964787.61
4,23268.25,12012.4,11255.86,952775.22
5,23268.25,12152.54,11115.71,940622.68
6,23268.25,12294.32,10973.93,928328.36
7,23268.25,12437.75,10830.5,915890.6
8,23268.25,12582.86,10685.39,903307.74
9,23268.25,12729.66,10538.59,890578.08
10,23268.25,12878.17,10390.08,877699.91
11,23268.25,13028.42,10239.83,864671.49
12,23268.25,13180.42,10087.83,851491.08
13,23268.25,13334.19,9934.06,838156.89
14,23268.25,13489.75,9778.5,824667.13
15,23268.25,13647.13,9621.12,811020.0
16,23268.25,13806.35,9461.9,797213.65
17,23268.25,13967.42,9300.83,783246.22
18,23268.25,14130.38,9137.87,769115.84
19,23268.25,14295.23,8973.02,754820.61
20,23268.25,14462.01,8806.24,740358.6
21,23268.25,14630.73,8637.52,725727.87
22,23268.25,14801.43,8466.83,710926.44
23,23268.25,14974.11,8294.14,695952.33
24,23268.25,15148.81,8119.44,680803.53
25,23268.25,15325.54,7942.71,665477.98
26,23268.25,15504.34,7763.91,649973.64
27,23268.25,15685.23,7583.03,634288.42
28,23268.25,15868.22,7400.03,618420.2
29,23268.25,16053.35,7214.9,602366.85
30,23268.25,16240.64,7027.61,586126.21
31,23268.25,16430.11,6838.14,569696.1
32,23268.25,16621.8,6646.45,553074.3
33,23268.25,16815.72,6452.53,536258.59
34,23268.25,17011.9,6256.35,519246.69
35,23268.25,17210.37,6057.88,502036.31
36,23268.25,17411.16,5857.09,484625.15
37,23268.25,17614.29,5653.96,467010.86
38,23268.25,17819.79,5448.46,449191.07
39,23268.25,18027.69,5240.56,431163.38
40,23268.25,18238.01,5030.24,412925.37
41,23268.25,18450.79,4817.46,394474.58
42,23268.25,18666.05,4602.2,375808.54
43,23268.25,18883.82,4384.43,356924.72
44,23268.25,19104.13,4164.12,337820.59
45,23268.25,19327.01,3941.24,318493.58
46,23268.25,19552.49,3715.76,298941.08
47,23268.25,19780.6,3487.65,279160.48
48,23268.25,20011.38,3256.87,259149.1
49,23268.25,20244.84,3023.41,238904.26
50,23268.25,20481.03,2787.22,218423.22
51,23268.25,20719.98,2548.27,197703.24
52,23268.25,20961.71,2306.54,176741.53
53,23268.25,21206.27,2061.98,155535.26
54,23268.25,21453.67,1814.58,134081.59
55,23268.25,21703.97,1564.29,112377.62
56,23268.25,21957.18,1311.07,90420.45
57,23268.25,22213.35,1054.91,68207.1
58,23268.25,22472.5,795.75,45734.6
59,23268.25,22734.68,533.57,22999.92
60,23268.25,22999.92,268.33,0.0
